Source Plant,Recipient Plant,Virus-Strain,Replicate,Infected,Total,Percent Infection
Vitis rootstock Kober 5BB (V. berlandieri x V. riparia),Vitis rootstock Kober 5BB,GFLV-F13,1,7,7,100
Vitis rootstock Kober 5BB (V. berlandieri x V. riparia),Vitis rootstock Kober 5BB,GFLV-F13,2,6,7,85.71428571
Vitis rootstock Kober 5BB (V. berlandieri x V. riparia),Vitis rootstock Kober 5BB,ArMV-S,1,0,3,0
Vitis rootstock Kober 5BB (V. berlandieri x V. riparia),Vitis rootstock Kober 5BB,ArMV-S,2,0,3,0
Vitis rootstock Kober 5BB (V. berlandieri x V. riparia),Vitis rootstock Kober 5BB,mock,1,0,3,0
Vitis rootstock Kober 5BB (V. berlandieri x V. riparia),Vitis rootstock Kober 5BB,mock,2,0,2,0
Nicotiana benthamiana,Vitis rootstock Kober 5BB,GFLV-F13,1,8,9,88.88888889
Nicotiana benthamiana,Vitis rootstock Kober 5BB,GFLV-F13,2,4,5,80
Nicotiana benthamiana,Vitis rootstock Kober 5BB,ArMV-S,1,0,4,0
Nicotiana benthamiana,Vitis rootstock Kober 5BB,ArMV-S,2,0,3,0
Nicotiana benthamiana,Vitis rootstock Kober 5BB,mock,1,0,3,0
Nicotiana benthamiana,Vitis rootstock Kober 5BB,mock,2,0,2,0
Chenopodium quinoa,Vitis rootstock Kober 5BB,GFLV-F13,1,7,9,77.77777778
Chenopodium quinoa,Vitis rootstock Kober 5BB,GFLV-F13,2,8,9,88.88888889
Chenopodium quinoa,Vitis rootstock Kober 5BB,ArMV-S,1,0,3,0
Chenopodium quinoa,Vitis rootstock Kober 5BB,ArMV-S,2,0,3,0
Chenopodium quinoa,Vitis rootstock Kober 5BB,mock,1,0,3,0
Chenopodium quinoa,Vitis rootstock Kober 5BB,mock,2,0,2,0
C. amaranticolor,Vitis rootstock Kober 5BB,GFLV-F13,1,5,9,55.55555556
C. amaranticolor,Vitis rootstock Kober 5BB,GFLV-F13,2,6,9,66.66666667
C. amaranticolor,Vitis rootstock Kober 5BB,ArMV-S,1,0,3,0
C. amaranticolor,Vitis rootstock Kober 5BB,ArMV-S,2,0,4,0
C. amaranticolor,Vitis rootstock Kober 5BB,mock,1,0,3,0
C. amaranticolor,Vitis rootstock Kober 5BB,mock,2,0,2,0