Source Plant,Recipient Plant,Virus-Strain,Replicate,Infected,Total,Percent Infection
Vitis rootstock Kober 5BB (V. berlandieri x V. riparia),Vitis rootstock Kober 5BB,GFLV-F13,1,8,9,88.88888889
Vitis rootstock Kober 5BB (V. berlandieri x V. riparia),Vitis rootstock Kober 5BB,ArMV-S,1,0,3,0
Vitis rootstock Kober 5BB (V. berlandieri x V. riparia),Vitis rootstock Kober 5BB,mock,1,0,3,0
Nicotiana benthamiana,N. benthamiana,GFLV-F13,1,6,9,66.66666667
Nicotiana benthamiana,N. benthamiana,ArMV-S,1,0,4,0
Nicotiana benthamiana,N. benthamiana,mock,1,0,3,0
Chenopodium quinoa,C. quinoa,GFLV-F13,1,6,9,66.66666667
Chenopodium quinoa,C. quinoa,ArMV-S,1,0,3,0
Chenopodium quinoa,C. quinoa,mock,1,0,3,0
C. amaranticolor,C. amaranticolor,GFLV-F13,1,2,8,25
C. amaranticolor,C. amaranticolor,ArMV-S,1,0,4,0
C. amaranticolor,C. amaranticolor,mock,1,0,3,0
Vitis rootstock Kober 5BB (V. berlandieri x V. riparia),Vitis rootstock Kober 5BB,GFLV-F13,2,7,8,87.5
Vitis rootstock Kober 5BB (V. berlandieri x V. riparia),Vitis rootstock Kober 5BB,ArMV-S,2,0,3,0
Vitis rootstock Kober 5BB (V. berlandieri x V. riparia),Vitis rootstock Kober 5BB,mock,2,0,2,0
Nicotiana benthamiana,N. benthamiana,GFLV-F13,2,3,5,60
Nicotiana benthamiana,N. benthamiana,ArMV-S,2,0,3,0
Nicotiana benthamiana,N. benthamiana,mock,2,0,2,0
Chenopodium quinoa,C. quinoa,GFLV-F13,2,4,9,44.44444444
Chenopodium quinoa,C. quinoa,ArMV-S,2,0,3,0
Chenopodium quinoa,C. quinoa,mock,2,0,2,0
C. amaranticolor,C. amaranticolor,GFLV-F13,2,0,7,0
C. amaranticolor,C. amaranticolor,ArMV-S,2,0,4,0
C. amaranticolor,C. amaranticolor,mock,2,0,3,0